ISIN No,Company name,Main exchange
AEA000701010,WAHA CAPITAL P.J.S.C.,Abu Dhabi Securities Market
AEA000701010,WAHA CAPITAL P.J.S.C.,Abu Dhabi Securities Market
AEA000701010,WAHA CAPITAL P.J.S.C.,Abu Dhabi Securities Market
AEA000701010,WAHA CAPITAL P.J.S.C.,Abu Dhabi Securities Market
AEA000701010,WAHA CAPITAL P.J.S.C.,Abu Dhabi Securities Market
AEU000601010,UNITED ARAB BANK PJSC,Abu Dhabi Securities Market
AEU000601010,UNITED ARAB BANK PJSC,Abu Dhabi Securities Market
AEU000601010,UNITED ARAB BANK PJSC,Abu Dhabi Securities Market
AEU000601010,UNITED ARAB BANK PJSC,Abu Dhabi Securities Market
AEU000601010,UNITED ARAB BANK PJSC,Abu Dhabi Securities Market
AEI000101016,INVEST BANK P.S.C.,Abu Dhabi Securities Market
AEI000101016,INVEST BANK P.S.C.,Abu Dhabi Securities Market
AEI000101016,INVEST BANK P.S.C.,Abu Dhabi Securities Market
AEI000101016,INVEST BANK P.S.C.,Abu Dhabi Securities Market
AEI000101016,INVEST BANK P.S.C.,Abu Dhabi Securities Market
